log_id,user_id,date,time,status
1,40,2026-08-25,06:48:41,success
2,4,2026-07-21,13:33:59,success
3,1,2025-02-04,13:40:15,failure
4,36,2025-08-27,15:32:26,failure
5,85,2026-11-07,15:38:58,success
6,14,2026-12-09,08:27:13,success
7,52,2025-10-26,20:19:31,success
8,5,2025-05-28,06:36:37,success
9,58,2025-12-17,02:25:47,failure
10,56,2026-04-22,13:25:50,success
11,81,2025-11-20,21:49:18,success
12,99,2026-03-28,09:17:38,failure
13,25,2026-11-11,16:32:58,success
14,38,2025-08-17,06:40:03,failure
15,28,2025-10-07,11:54:40,success
16,11,2025-06-20,22:03:07,success
17,84,2026-03-26,14:43:13,failure
18,53,2026-06-27,17:50:01,failure
19,14,2025-09-06,01:03:26,success
20,27,2026-03-01,07:44:07,success
21,78,2025-01-06,22:47:32,failure
22,87,2026-06-08,07:02:28,failure
23,39,2026-10-19,10:19:28,failure
24,7,2026-12-27,20:11:32,failure
25,14,2026-04-19,06:26:57,failure
26,26,2026-09-17,15:38:31,success
27,61,2026-01-04,17:26:58,failure
28,92,2026-10-13,15:20:44,failure
29,87,2026-06-18,15:17:29,success
30,40,2026-11-03,23:30:29,success
31,53,2026-01-25,00:00:24,failure
32,94,2025-03-01,05:25:25,failure
33,8,2026-09-02,03:16:59,success
34,28,2026-09-28,08:45:11,failure
35,54,2026-09-25,21:57:01,success
36,4,2025-06-05,21:44:14,failure
37,69,2025-02-10,15:37:15,failure
38,88,2026-06-21,21:15:33,failure
39,61,2025-01-16,03:52:02,success
40,91,2025-01-05,10:19:11,success
41,55,2025-02-01,23:29:41,success
42,64,2026-02-15,21:15:18,failure
43,16,2025-10-28,12:39:19,failure
44,57,2026-07-11,15:56:28,failure
45,75,2026-06-04,03:30:57,failure
46,66,2025-03-08,08:26:34,failure
47,42,2025-05-02,04:04:48,success
48,7,2025-07-05,04:41:55,failure
49,41,2026-05-06,10:13:03,success
50,53,2025-03-06,17:54:22,failure
51,11,2026-10-12,12:33:33,failure
52,10,2025-09-09,19:46:28,success
53,68,2026-12-11,05:32:21,failure
54,58,2025-06-13,07:21:13,success
55,85,2026-01-28,17:23:13,success
56,48,2026-08-05,02:24:26,success
57,59,2025-07-10,19:26:40,success
58,19,2026-09-14,03:23:24,failure
59,43,2026-06-07,13:42:27,success
60,95,2026-08-22,15:03:04,failure
61,50,2026-02-12,20:35:55,success
62,44,2026-05-27,04:49:37,success
63,17,2026-03-10,05:44:22,success
64,90,2026-03-22,12:38:15,failure
65,28,2026-11-17,02:03:05,success
66,20,2025-10-12,18:57:14,failure
67,94,2026-01-01,06:08:59,success
68,9,2026-03-15,11:07:05,success
69,81,2026-02-05,21:33:21,success
70,73,2025-11-20,17:47:21,failure
71,95,2025-09-20,03:34:08,success
72,41,2026-10-24,05:29:05,failure
73,49,2026-08-29,09:20:52,failure
74,37,2025-10-14,10:36:05,success
75,63,2025-11-21,01:13:23,failure
76,35,2026-04-09,20:00:10,failure
77,26,2025-03-18,09:47:14,failure
78,78,2025-05-08,04:12:12,success
79,44,2025-06-23,07:18:09,failure
80,7,2026-01-29,09:33:24,failure
81,34,2025-06-03,23:23:22,failure
82,3,2026-06-08,08:06:19,failure
83,82,2025-09-21,04:17:22,success
84,82,2026-09-03,14:37:22,success
85,22,2026-09-13,01:43:27,failure
86,45,2026-01-16,19:37:44,failure
87,7,2025-07-28,04:53:03,success
88,10,2026-04-23,13:25:36,failure
89,74,2026-06-04,18:50:18,failure
90,25,2025-01-03,09:16:57,success
91,27,2026-06-10,02:22:38,failure
92,98,2025-07-31,06:11:10,failure
93,26,2025-12-14,20:54:19,failure
94,67,2025-08-27,04:56:38,success
95,29,2025-03-26,09:53:11,success
96,63,2025-06-11,11:15:10,failure
97,11,2025-09-22,05:20:28,failure
98,13,2025-12-19,13:48:30,failure
99,33,2026-03-06,06:01:24,failure
100,36,2026-06-17,04:39:54,success
101,51,2025-08-21,09:20:27,failure
102,19,2025-02-10,17:11:22,failure
103,22,2026-03-03,11:12:28,success
104,24,2025-12-24,02:31:24,success
105,44,2025-04-22,10:45:08,failure
106,76,2025-09-24,17:17:41,success
107,13,2026-08-17,02:26:07,success
108,79,2026-08-11,05:28:37,success
109,43,2026-12-14,05:16:14,success
110,21,2025-01-21,22:56:59,failure
111,23,2026-03-06,12:05:16,success
112,95,2026-10-11,00:55:16,failure
113,64,2026-09-16,11:05:27,failure
114,61,2026-07-09,11:20:40,failure
115,84,2025-06-26,05:36:55,failure
116,26,2026-06-14,14:17:33,success
117,46,2025-03-24,10:41:46,success
118,85,2026-12-27,18:13:36,success
119,24,2026-12-07,16:23:52,success
120,17,2025-05-15,02:41:53,failure
121,45,2025-05-13,14:11:28,failure
122,79,2025-01-16,17:30:59,failure
123,72,2025-05-20,00:50:32,success
124,64,2025-08-22,04:21:25,failure
125,26,2025-09-19,02:23:28,success
126,23,2025-11-27,01:27:25,success
127,32,2026-06-12,20:57:58,success
128,73,2026-09-19,01:02:08,success
129,52,2026-10-04,09:27:35,failure
130,11,2026-11-24,15:49:41,failure
131,74,2025-10-17,13:52:54,success
132,27,2026-09-07,09:52:08,success
133,37,2026-03-09,21:59:06,success
134,95,2025-03-21,03:07:19,failure
135,34,2026-11-23,14:58:46,success
136,50,2026-03-12,11:15:59,failure
137,56,2025-03-30,01:32:24,success
138,13,2025-05-25,02:43:32,failure
139,11,2025-01-11,08:18:50,success
140,54,2025-01-08,06:12:13,success
141,94,2025-10-11,13:03:47,success
142,98,2026-02-17,20:58:09,failure
143,37,2026-11-25,16:46:15,success
144,88,2026-12-07,06:58:59,success
145,23,2025-05-31,22:59:03,failure
146,15,2026-04-25,11:28:34,success
147,91,2026-08-15,10:17:37,success
148,46,2026-05-22,06:55:33,success
149,71,2026-09-19,22:08:08,failure
150,16,2025-02-22,22:07:02,success
151,34,2025-11-03,04:26:15,failure
152,60,2025-06-25,01:11:39,success
153,72,2025-04-23,03:06:57,failure
154,45,2025-04-16,04:47:14,success
155,60,2025-10-20,13:13:47,success
156,40,2025-07-27,03:11:47,success
157,33,2026-01-23,06:21:20,failure
158,74,2025-06-20,07:10:54,failure
159,70,2025-02-06,11:47:43,failure
160,47,2026-11-23,18:34:43,failure
161,95,2026-12-29,09:47:00,success
162,86,2026-07-09,08:19:14,failure
163,29,2026-05-07,15:28:37,failure
164,70,2026-08-01,23:07:50,success
165,73,2025-04-16,15:14:08,failure
166,85,2026-05-18,12:47:33,failure
167,31,2026-11-07,15:50:59,success
168,81,2025-10-26,16:46:29,success
169,36,2026-07-18,20:06:38,failure
170,55,2026-07-29,22:45:04,failure
171,98,2026-05-19,17:46:47,success
172,9,2026-08-07,13:39:30,failure
173,14,2025-06-17,00:15:52,failure
174,75,2026-12-08,13:59:04,failure
175,42,2026-09-19,06:49:08,failure
176,43,2025-07-06,13:27:33,success
177,31,2026-04-21,22:04:37,failure
178,76,2026-07-28,10:57:41,failure
179,15,2025-06-04,04:33:45,success
180,71,2025-02-12,21:28:14,failure
181,24,2025-03-10,01:52:23,failure
182,35,2025-09-11,20:51:06,success
183,73,2026-11-20,08:50:17,failure
184,76,2025-08-13,13:00:31,success
185,16,2026-08-28,04:43:46,success
186,26,2025-11-23,21:19:16,failure
187,36,2026-12-12,13:36:01,failure
188,33,2025-12-22,14:04:29,failure
189,87,2025-01-11,19:18:59,failure
190,6,2026-04-03,23:53:12,failure
191,35,2026-01-18,08:57:07,success
192,61,2025-05-25,09:50:07,failure
193,28,2026-12-30,13:00:50,success
194,42,2026-11-26,18:52:28,failure
195,98,2025-03-29,17:19:54,failure
196,50,2025-09-27,10:41:15,failure
197,56,2025-06-06,10:49:05,success
198,92,2026-07-10,08:25:02,failure
199,99,2025-08-26,00:35:50,success
200,16,2026-08-20,12:52:12,failure
201,53,2026-01-14,08:03:19,success
202,73,2025-02-20,21:50:08,failure
203,39,2026-12-25,20:06:32,success
204,46,2026-10-06,18:30:30,failure
205,17,2026-04-07,06:30:54,success
206,47,2026-12-28,13:00:36,success
207,22,2026-09-28,08:40:19,success
208,50,2026-03-23,02:34:49,success
209,29,2026-06-28,05:38:27,failure
210,35,2026-08-06,03:10:36,success
211,46,2026-05-12,13:13:10,failure
212,50,2026-12-12,11:20:42,failure
213,81,2025-12-06,20:39:12,failure
214,48,2025-04-22,02:04:11,success
215,33,2025-03-02,00:16:25,failure
216,11,2026-10-12,00:43:42,success
217,29,2025-08-03,00:58:42,success
218,35,2025-09-03,08:19:59,success
219,61,2026-02-12,01:49:49,success
220,3,2025-03-24,18:50:12,failure
221,41,2026-12-30,16:07:31,failure
222,52,2025-09-01,21:15:16,failure
223,50,2026-12-09,07:19:21,failure
224,39,2026-10-20,18:03:56,failure
225,46,2026-04-14,18:43:03,failure
226,35,2025-04-16,16:15:54,failure
227,35,2025-12-16,18:30:49,success
228,80,2026-11-15,16:36:11,success
229,90,2025-06-26,21:06:46,success
230,68,2026-10-23,04:03:48,failure
231,31,2026-12-27,00:45:13,success
232,65,2025-12-30,02:48:33,success
233,57,2026-12-21,15:51:27,success
234,33,2025-09-29,13:47:36,failure
235,78,2025-01-13,12:13:24,success
236,90,2025-10-27,05:01:33,failure
237,54,2026-02-23,20:47:31,success
238,14,2026-05-21,08:44:33,success
239,96,2026-05-31,06:52:16,success
240,82,2025-03-17,00:54:22,failure
241,41,2025-09-22,09:09:18,failure
242,34,2026-06-17,14:19:03,failure
243,71,2025-08-10,01:09:04,success
244,95,2026-11-11,21:46:21,failure
245,89,2025-08-21,02:48:12,success
246,13,2026-11-17,19:47:31,success
247,57,2026-03-04,21:46:06,success
248,21,2025-04-22,14:08:15,success
249,22,2026-09-15,17:25:19,success
250,95,2026-08-22,13:25:45,failure
251,27,2026-09-05,18:25:39,success
252,83,2026-08-04,00:19:33,success
253,44,2025-06-30,02:45:02,success
254,74,2026-12-07,15:14:00,success
255,18,2026-03-16,02:11:29,failure
256,56,2025-05-31,14:19:00,success
257,61,2025-11-18,17:57:36,success
258,6,2026-10-21,11:45:54,success
259,68,2026-08-31,21:16:17,success
260,48,2025-10-12,09:38:13,success
261,96,2025-05-28,17:49:21,failure
262,33,2025-04-12,04:22:32,failure
263,54,2025-10-23,21:22:13,failure
264,33,2026-07-25,21:57:47,success
265,18,2026-03-30,03:27:40,failure
266,16,2025-08-17,02:58:34,success
267,6,2026-12-21,21:45:36,success
268,91,2026-03-31,11:48:06,failure
269,97,2026-08-03,12:19:59,success
270,94,2025-03-12,16:34:20,failure
271,74,2025-09-02,18:58:35,failure
272,2,2025-11-02,16:47:34,failure
273,26,2026-03-17,11:32:43,success
274,55,2025-07-12,09:11:52,failure
275,14,2026-10-04,00:16:56,failure
276,53,2026-07-01,11:37:08,success
277,15,2025-06-12,14:07:40,success
278,65,2025-09-17,23:02:01,failure
279,47,2025-07-09,20:56:25,success
280,18,2026-06-17,06:43:42,failure
281,73,2026-04-08,08:44:08,success
282,76,2026-05-16,22:24:03,failure
283,93,2026-01-11,06:30:49,failure
284,96,2025-11-30,02:50:31,success
285,44,2026-08-28,13:05:45,success
286,62,2026-11-20,01:02:28,failure
287,59,2025-07-30,05:20:08,failure
288,87,2025-07-10,11:07:42,success
289,43,2025-09-30,08:27:41,failure
290,80,2026-03-30,17:24:10,success
291,12,2026-01-02,09:58:03,success
292,82,2026-08-03,22:48:02,failure
293,97,2026-03-10,01:40:32,failure
294,70,2025-04-27,03:37:59,success
295,4,2025-05-02,17:22:24,failure
296,34,2025-09-27,10:24:48,success
297,94,2025-07-06,09:25:06,success
298,73,2026-10-24,06:11:10,success
299,20,2025-05-09,08:26:31,failure
300,75,2026-09-02,05:15:29,success
301,6,2026-01-19,13:12:31,failure
302,73,2026-06-06,02:46:26,success
303,10,2025-06-23,23:30:55,failure
304,62,2026-10-05,23:20:15,success
305,55,2026-07-06,08:15:36,failure
306,8,2026-08-07,14:19:52,failure
307,35,2026-02-16,19:49:38,failure
308,44,2026-01-05,06:15:27,failure
309,34,2025-02-14,00:02:53,success
310,18,2026-08-23,10:22:40,success
311,77,2025-03-26,02:45:44,success
312,55,2026-08-27,12:41:16,failure
313,23,2025-05-14,11:43:13,failure
314,38,2026-05-31,03:25:18,success
315,83,2025-06-25,09:21:00,failure
316,8,2026-07-18,09:34:52,success
317,56,2026-06-09,15:02:00,failure
318,14,2026-01-07,15:40:48,success
319,27,2025-06-07,10:39:04,success
320,89,2025-09-03,19:26:37,failure
321,79,2026-09-03,10:20:30,success
322,7,2026-10-22,08:17:37,failure
323,75,2025-11-12,01:11:00,success
324,10,2025-09-28,16:57:08,failure
325,71,2026-05-19,03:13:07,success
326,17,2026-01-11,12:02:34,success
327,72,2025-11-16,19:41:27,success
328,76,2026-02-01,12:05:35,success
329,70,2025-09-16,14:30:23,success
330,75,2026-12-27,19:24:08,failure
331,66,2026-05-02,07:06:15,failure
332,16,2025-10-19,23:06:13,failure
333,66,2026-09-07,21:26:26,failure
334,63,2026-10-05,02:51:45,success
335,13,2026-12-01,04:31:16,failure
336,47,2025-10-16,19:23:59,failure
337,4,2025-10-20,03:43:45,success
338,67,2025-08-20,21:54:24,success
339,53,2025-02-16,02:27:01,failure
340,5,2026-06-04,04:43:59,success
341,63,2026-07-19,21:16:32,failure
342,79,2025-06-22,17:19:28,success
343,17,2026-05-27,20:19:25,failure
344,10,2025-08-06,23:40:09,failure
345,79,2025-12-13,00:52:25,success
346,87,2026-05-03,11:46:27,success
347,61,2026-12-31,17:42:31,failure
348,27,2026-02-02,23:39:02,success
349,69,2026-12-16,11:46:38,success
350,4,2025-12-03,04:56:30,failure
351,75,2026-03-20,08:06:36,failure
352,6,2026-04-27,23:29:37,failure
353,56,2025-05-24,04:45:15,failure
354,43,2026-11-01,23:46:47,success
355,81,2025-09-03,02:29:21,success
356,40,2025-07-28,19:48:33,failure
357,56,2025-11-07,15:50:22,success
358,48,2026-05-16,08:03:35,failure
359,33,2026-12-07,08:24:52,failure
360,82,2026-05-30,02:17:10,success
361,60,2025-10-23,19:49:56,success
362,94,2025-10-31,23:00:54,failure
363,10,2026-03-25,09:15:58,success
364,81,2025-07-02,15:02:41,failure
365,73,2026-01-01,04:21:35,failure
366,87,2026-04-01,21:18:36,failure
367,73,2025-11-01,15:37:25,failure
368,29,2026-03-17,09:25:25,success
369,55,2025-09-27,11:07:23,failure
370,90,2026-05-17,06:51:18,failure
371,42,2025-09-04,04:37:54,failure
372,49,2025-02-26,17:31:25,failure
373,61,2026-03-02,01:53:46,failure
374,30,2025-04-28,06:06:21,success
375,60,2026-07-23,19:14:00,success
376,77,2025-03-29,00:27:10,success
377,51,2026-02-01,00:02:09,success
378,88,2025-06-17,19:10:21,failure
379,47,2025-08-25,08:18:13,success
380,19,2026-03-26,17:10:54,failure
381,90,2026-04-15,22:10:28,failure
382,50,2026-11-13,01:29:22,success
383,52,2026-05-09,17:46:34,failure
384,44,2026-10-14,01:13:03,success
385,83,2025-05-13,08:33:10,failure
386,26,2025-06-12,04:30:03,success
387,66,2026-06-19,02:50:34,failure
388,59,2025-11-09,02:59:59,success
389,17,2026-08-02,03:53:20,failure
390,31,2025-09-30,13:52:08,failure
391,46,2026-08-27,12:24:54,failure
392,80,2025-04-17,05:07:17,success
393,88,2025-12-31,01:13:49,success
394,12,2025-05-18,06:56:15,failure
395,19,2025-12-11,17:28:31,success
396,6,2025-11-10,03:59:36,failure
397,50,2025-08-25,22:12:47,success
398,61,2025-03-17,18:31:26,failure
399,97,2025-01-06,15:54:00,failure
400,91,2025-04-30,10:46:27,success
401,7,2026-10-13,03:22:49,failure
402,37,2025-11-18,03:19:10,success
403,44,2025-03-13,01:53:09,failure
404,15,2026-05-19,13:50:55,success
405,24,2026-01-30,11:02:47,failure
406,98,2026-01-12,00:57:35,failure
407,42,2026-02-26,14:46:16,failure
408,63,2026-02-17,22:06:44,success
409,61,2026-07-09,22:44:58,success
410,30,2025-03-06,13:23:53,success
411,21,2025-01-10,17:38:02,failure
412,66,2025-03-20,03:46:09,success
413,10,2026-12-27,22:23:42,failure
414,89,2026-01-31,01:18:29,success
415,5,2025-06-06,12:12:22,success
416,55,2026-04-08,02:10:27,success
417,44,2026-11-05,15:47:17,success
418,56,2025-02-04,17:49:14,failure
419,31,2025-04-05,13:12:23,success
420,3,2025-06-10,02:51:41,success
421,53,2026-08-16,03:19:10,success
422,2,2026-10-25,13:52:48,failure
423,66,2026-09-17,08:57:44,success
424,13,2025-10-13,10:12:50,success
425,51,2025-10-21,11:24:17,success
426,76,2025-11-26,07:28:33,success
427,86,2026-05-09,09:02:02,failure
428,82,2025-07-13,20:17:21,failure
429,56,2025-05-04,10:48:36,success
430,77,2026-07-06,02:31:37,failure
431,83,2026-12-07,22:16:53,failure
432,13,2025-05-15,16:17:19,success
433,17,2026-06-20,02:44:40,success
434,51,2025-11-08,20:17:58,failure
435,26,2026-05-07,23:54:50,failure
436,81,2026-06-25,09:43:21,success
437,45,2026-03-31,14:07:52,success
438,73,2025-06-08,13:57:47,failure
439,89,2025-11-18,03:38:41,failure
440,74,2025-04-29,20:39:24,success
441,16,2026-04-29,02:55:42,failure
442,16,2026-07-07,15:42:07,success
443,17,2025-08-19,07:16:11,success
444,51,2026-10-10,20:00:23,failure
445,31,2026-10-16,07:07:48,failure
446,96,2025-07-27,10:32:22,success
447,4,2026-05-20,05:30:33,failure
448,39,2025-04-07,08:16:47,success
449,38,2025-12-28,00:12:37,success
450,52,2026-09-27,15:41:39,success
451,8,2025-03-24,18:06:11,failure
452,69,2026-01-04,04:27:58,failure
453,90,2025-12-11,05:01:54,failure
454,10,2026-01-11,23:35:46,success
455,62,2026-08-29,01:15:51,failure
456,84,2026-03-05,08:55:59,success
457,31,2025-11-05,11:52:54,success
458,8,2026-04-11,01:23:50,success
459,50,2026-01-11,15:16:27,failure
460,15,2026-03-13,13:06:41,success
461,48,2026-11-26,03:44:09,success
462,81,2026-06-08,16:31:39,success
463,63,2026-07-08,14:28:26,success
464,63,2025-03-24,12:31:42,failure
465,78,2026-10-13,01:55:59,success
466,37,2025-01-08,12:08:51,failure
467,88,2025-06-10,10:06:34,failure
468,15,2025-05-30,08:07:32,success
469,83,2026-02-27,11:22:23,failure
470,74,2026-02-13,11:20:50,success
471,31,2025-05-19,07:03:57,success
472,46,2025-09-17,10:25:16,success
473,88,2026-01-23,12:21:32,failure
474,17,2026-03-08,00:32:30,failure
475,88,2026-04-22,17:16:17,failure
476,82,2026-02-07,16:57:38,failure
477,81,2025-07-04,09:04:01,failure
478,22,2025-11-02,18:19:21,failure
479,81,2026-01-16,17:23:41,failure
480,95,2026-09-28,00:22:19,failure
481,93,2026-12-12,04:19:25,failure
482,23,2026-08-23,00:51:26,failure
483,52,2025-02-11,06:19:54,failure
484,75,2026-12-22,13:07:12,success
485,16,2026-08-11,11:22:41,success
486,27,2026-05-21,16:37:08,success
487,37,2025-12-08,04:51:47,failure
488,80,2026-12-12,00:17:27,success
489,57,2025-05-11,14:11:16,failure
490,68,2026-01-28,08:55:10,failure
491,63,2025-03-24,11:56:53,failure
492,57,2025-06-09,22:53:37,success
493,36,2026-07-09,11:51:17,failure
494,20,2025-09-13,03:22:32,failure
495,19,2025-11-06,23:59:02,failure
496,69,2026-12-25,15:32:31,success
497,33,2025-11-30,02:56:16,success
498,27,2026-06-01,06:07:45,success
499,38,2025-10-10,00:58:15,failure
500,74,2026-09-06,22:36:06,success
501,34,2025-12-24,20:49:06,failure
502,68,2026-02-21,17:36:15,failure
503,45,2025-11-02,04:10:07,failure
504,80,2027-01-01,12:34:22,failure
505,90,2025-12-08,14:49:11,failure
506,15,2026-12-10,15:53:24,success
507,12,2025-04-26,10:24:30,success
508,96,2025-10-02,16:12:33,failure
509,23,2026-10-25,22:16:24,success
510,93,2025-05-23,15:46:28,failure
511,10,2025-08-23,04:07:13,success
512,71,2025-12-29,21:18:53,failure
513,73,2025-10-24,08:38:43,failure
514,58,2026-03-23,15:34:12,failure
515,21,2026-03-22,19:29:09,failure
516,68,2025-09-13,10:09:35,success
517,4,2025-06-17,04:41:19,failure
518,6,2025-07-07,19:29:24,failure
519,63,2026-01-12,00:38:27,failure
520,44,2026-11-20,00:05:53,success
521,76,2025-01-08,08:21:17,failure
522,64,2026-07-25,08:57:34,failure
523,14,2025-09-19,06:08:55,failure
524,64,2025-03-07,03:55:33,failure
525,54,2026-02-07,10:49:03,success
526,8,2025-05-06,21:33:53,failure
527,56,2025-12-11,07:04:01,success
528,26,2025-09-21,20:01:43,success
529,56,2025-12-24,23:56:18,failure
530,28,2026-07-21,21:37:35,success
531,83,2026-05-14,02:47:49,success
532,71,2026-09-06,01:22:42,success
533,75,2026-10-10,03:38:40,success
534,47,2026-03-17,18:01:08,success
535,41,2025-05-06,12:21:29,failure
536,90,2026-04-20,02:46:02,success
537,31,2025-07-08,10:15:00,failure
538,14,2026-08-29,09:54:04,failure
539,62,2025-12-04,03:45:25,failure
540,69,2025-12-20,13:38:25,success
541,95,2025-07-17,16:59:01,failure
542,97,2026-12-18,08:17:43,failure
543,51,2025-11-04,04:15:46,success
544,40,2025-02-09,20:24:06,success
545,88,2025-06-19,17:06:12,success
546,73,2026-07-01,12:54:14,failure
547,27,2025-05-31,18:56:50,success
548,68,2025-09-25,12:20:58,failure
549,35,2026-08-25,17:28:20,success
550,63,2026-01-28,18:49:39,success
551,49,2025-03-28,13:10:31,failure
552,70,2026-07-19,14:21:42,success
553,88,2025-01-24,21:33:35,failure
554,88,2026-04-20,04:45:19,failure
555,78,2025-05-12,06:17:21,failure
556,30,2026-05-05,04:52:12,failure
557,71,2026-03-12,01:04:37,success
558,97,2025-08-07,03:55:27,failure
559,12,2026-10-28,22:00:21,failure
560,8,2025-03-20,00:23:13,failure
561,10,2025-07-09,02:27:50,failure
562,63,2025-10-18,01:16:43,success
563,8,2025-03-06,05:07:51,failure
564,22,2026-04-01,17:30:06,success
565,59,2025-06-15,05:54:48,failure
566,93,2026-10-02,03:19:41,success
567,14,2026-07-20,10:59:23,failure
568,11,2025-04-28,13:18:43,success
569,86,2026-12-21,00:03:15,success
570,17,2025-12-10,12:33:11,failure
571,98,2025-08-20,06:54:14,success
572,73,2026-11-30,18:13:51,success
573,62,2025-05-06,05:08:35,failure
574,1,2025-08-03,10:49:19,failure
575,91,2025-03-03,02:10:47,success
576,33,2025-04-16,20:44:39,failure
577,93,2026-04-07,08:02:24,failure
578,76,2026-09-30,10:55:31,failure
579,98,2025-02-12,07:19:44,failure
580,8,2026-06-03,01:42:42,failure
581,26,2025-03-31,04:07:52,failure
582,59,2025-10-20,12:13:19,failure
583,12,2025-11-11,11:15:58,success
584,19,2026-08-21,07:33:32,success
585,7,2025-12-25,20:59:55,success
586,65,2025-12-05,17:31:16,success
587,22,2026-09-20,10:34:02,failure
588,80,2026-08-10,09:52:22,failure
589,30,2025-05-23,03:18:30,success
590,40,2026-09-18,05:05:25,success
591,30,2026-06-08,14:03:45,failure
592,21,2025-10-03,18:03:59,failure
593,97,2025-01-31,00:25:35,failure
594,60,2026-07-13,13:57:58,failure
595,78,2026-06-10,10:58:11,failure
596,97,2025-07-20,09:10:19,success
597,80,2026-05-01,00:56:09,success
598,40,2026-07-21,14:33:21,failure
599,50,2026-07-08,21:58:26,success
600,94,2026-03-27,22:58:32,success
601,9,2026-11-12,08:28:59,failure
602,4,2026-07-16,05:15:42,success
603,28,2025-08-21,05:41:37,success
604,73,2026-03-05,20:48:06,failure
605,43,2025-08-28,11:16:15,success
606,99,2026-07-13,01:13:09,success
607,15,2025-02-27,01:48:53,success
608,55,2025-03-15,23:27:49,failure
609,29,2026-02-12,03:07:32,failure
610,87,2025-04-02,16:36:43,failure
611,87,2026-03-06,04:32:49,failure
612,28,2026-04-11,14:47:30,failure
613,31,2026-04-27,20:31:30,failure
614,80,2025-11-10,17:34:44,success
615,59,2026-07-19,21:38:58,success
616,73,2026-01-18,02:41:15,failure
617,13,2026-03-04,23:29:35,success
618,87,2025-10-27,15:41:31,failure
619,3,2025-07-24,11:47:56,success
620,24,2025-09-21,12:53:10,failure
621,1,2025-02-22,01:03:36,success
622,9,2025-04-19,14:57:27,failure
623,89,2026-10-08,02:16:50,failure
624,69,2026-02-12,00:50:36,success
625,18,2026-02-02,08:04:24,failure
626,25,2025-09-15,23:13:25,success
627,66,2025-03-24,13:27:31,failure
628,36,2025-08-05,09:58:30,failure
629,36,2026-10-03,12:25:26,success
630,47,2025-11-30,19:23:28,failure
631,14,2025-07-26,23:00:32,failure
632,63,2025-01-06,22:08:18,failure
633,9,2025-07-10,15:28:39,failure
634,46,2025-07-15,14:33:22,failure
635,9,2026-08-09,03:02:29,failure
636,19,2026-08-17,22:38:34,failure
637,94,2026-12-14,10:07:09,failure
638,81,2025-07-24,23:34:41,failure
639,89,2026-06-22,06:00:01,failure
640,94,2025-07-24,23:50:02,failure
641,28,2025-01-29,10:34:17,success
642,48,2025-10-03,03:14:26,failure
643,81,2025-03-18,08:26:58,failure
644,95,2025-05-27,06:49:11,success
645,25,2025-09-21,08:08:08,failure
646,63,2025-10-03,03:31:23,success
647,93,2026-11-23,08:57:04,failure
648,68,2025-08-19,19:11:04,success
649,60,2025-03-08,08:50:48,success
650,18,2025-09-23,06:39:03,success
651,2,2026-08-10,17:23:56,failure
652,95,2025-11-17,10:53:24,failure
653,67,2026-07-22,20:03:52,failure
654,29,2025-10-17,00:42:15,success
655,29,2025-08-15,15:29:48,success
656,5,2025-04-12,15:32:05,success
657,46,2025-12-18,02:25:22,success
658,35,2025-08-13,01:39:41,success
659,3,2026-03-04,17:00:56,failure
660,53,2025-05-03,15:24:02,failure
661,14,2026-06-02,21:55:32,success
662,31,2025-06-23,00:26:18,failure
663,68,2026-05-20,23:17:50,failure
664,27,2025-12-13,00:18:50,success
665,49,2026-04-01,12:34:20,failure
666,78,2026-01-25,12:34:19,success
667,96,2025-12-04,09:09:35,success
668,57,2025-04-08,06:48:51,success
669,15,2026-11-04,08:03:48,success
670,83,2026-04-08,11:44:03,success
671,76,2025-09-22,10:53:18,success
672,78,2025-08-21,22:49:17,success
673,90,2026-01-12,04:55:07,success
674,42,2026-04-02,23:50:27,failure
675,76,2026-11-03,20:30:48,failure
676,1,2026-02-15,15:15:57,failure
677,92,2025-02-27,22:42:56,failure
678,9,2026-11-18,21:04:59,success
679,81,2026-01-17,08:43:58,failure
680,64,2025-12-08,02:48:29,failure
681,52,2026-09-30,16:21:27,success
682,64,2025-06-25,01:29:03,success
683,3,2026-04-05,12:19:32,success
684,15,2025-06-12,11:27:34,failure
685,21,2026-11-16,20:00:20,failure
686,16,2026-07-05,23:43:05,success
687,63,2026-04-06,22:42:11,success
688,22,2025-01-02,18:13:17,success
689,89,2026-08-07,15:27:31,success
690,34,2025-01-01,15:16:19,success
691,48,2025-04-01,19:09:53,failure
692,23,2026-04-23,11:42:29,success
693,57,2025-02-17,19:58:05,failure
694,98,2026-04-20,13:14:05,failure
695,26,2025-07-18,22:43:55,failure
696,75,2025-12-01,16:20:14,failure
697,31,2025-03-11,00:10:07,failure
698,57,2026-11-09,11:06:41,failure
699,66,2025-05-05,04:58:12,success
700,24,2026-04-08,00:10:37,success
701,56,2025-06-12,07:04:55,success
702,41,2025-05-08,09:55:40,success
703,38,2025-03-09,09:29:55,success
704,48,2026-07-06,13:00:50,success
705,99,2026-05-19,10:17:25,success
706,4,2025-04-03,11:20:00,failure
707,55,2026-03-08,17:26:56,failure
708,88,2026-11-04,07:29:59,failure
709,57,2025-10-04,01:42:48,failure
710,2,2025-08-31,20:55:49,success
711,10,2025-09-29,16:47:28,failure
712,15,2025-10-31,08:17:56,failure
713,93,2026-03-12,16:29:29,failure
714,89,2025-01-28,22:35:22,failure
715,41,2026-06-29,14:53:00,failure
716,91,2025-01-01,21:58:00,success
717,88,2025-06-21,00:56:30,success
718,35,2026-07-14,09:34:36,success
719,33,2026-12-11,08:53:06,success
720,57,2025-04-30,02:02:26,success
721,62,2025-07-13,03:00:37,failure
722,43,2026-02-12,06:23:14,success
723,47,2026-06-07,17:16:50,success
724,50,2025-03-14,19:37:02,success
725,15,2025-06-30,01:49:34,success
726,22,2025-03-08,20:07:29,failure
727,37,2026-11-14,12:54:01,failure
728,36,2026-09-28,21:44:53,success
729,90,2026-07-10,15:10:07,success
730,68,2026-12-18,09:24:06,failure
731,65,2026-07-09,22:06:05,failure
732,25,2025-02-23,10:35:58,failure
733,84,2025-08-17,22:44:41,failure
734,90,2026-05-28,04:36:26,failure
735,70,2025-10-11,13:05:02,failure
736,30,2026-12-10,22:35:46,success
737,9,2026-12-29,22:23:25,failure
738,14,2026-02-28,02:54:47,failure
739,23,2025-07-11,13:07:06,failure
740,69,2025-01-28,14:02:00,failure
741,41,2025-07-01,11:54:41,failure
742,87,2026-11-11,12:27:15,success
743,10,2026-09-28,07:00:31,success
744,67,2025-09-17,23:01:23,failure
745,8,2026-08-12,04:09:13,success
746,77,2025-07-20,02:36:05,success
747,69,2026-06-18,21:51:29,success
748,6,2026-01-13,23:20:49,success
749,54,2025-08-01,02:59:49,failure
750,68,2025-09-23,09:48:25,success
751,70,2026-09-02,23:38:38,failure
752,10,2026-06-10,20:30:25,failure
753,6,2026-09-16,04:31:34,success
754,89,2026-04-06,21:09:14,success
755,12,2026-02-21,19:32:09,failure
756,75,2025-08-23,07:19:01,failure
757,84,2025-03-24,15:41:21,failure
758,35,2025-06-16,14:56:58,failure
759,89,2025-04-20,02:37:19,failure
760,47,2026-02-12,01:21:18,success
761,38,2025-08-09,11:34:45,failure
762,87,2026-12-02,17:57:53,success
763,43,2026-09-03,16:44:34,failure
764,28,2026-05-02,20:40:56,success
765,12,2025-11-27,02:54:38,success
766,23,2026-06-22,18:46:57,success
767,61,2025-12-28,22:45:52,success
768,90,2026-11-29,19:03:26,failure
769,67,2025-05-09,04:54:26,success
770,5,2025-01-30,14:55:05,success
771,49,2025-06-27,12:15:19,success
772,24,2026-06-16,13:23:20,success
773,54,2025-11-23,14:07:34,failure
774,89,2026-04-24,03:40:54,success
775,44,2025-06-26,00:00:19,success
776,28,2025-04-30,17:11:32,success
777,50,2025-09-01,17:47:24,failure
778,25,2026-01-10,04:08:35,failure
779,10,2026-11-28,10:19:29,failure
780,8,2026-07-20,18:38:28,failure
781,34,2025-02-13,19:10:56,failure
782,30,2025-09-06,23:45:13,success
783,78,2026-06-10,18:11:15,success
784,24,2025-04-09,11:02:59,success
785,79,2026-06-10,16:05:49,failure
786,43,2026-11-05,21:50:48,success
787,14,2026-04-02,04:11:40,failure
788,98,2025-07-04,04:47:30,failure
789,34,2025-11-23,06:22:25,failure
790,6,2025-12-02,05:05:59,failure
791,88,2025-10-18,23:57:07,success
792,63,2025-07-11,06:46:37,failure
793,2,2025-04-16,22:44:16,failure
794,44,2026-05-23,11:10:08,success
795,92,2026-12-11,21:55:20,failure
796,63,2025-07-08,22:03:23,failure
797,71,2025-08-23,08:41:09,failure
798,13,2025-10-19,17:58:31,failure
799,74,2025-06-20,20:01:48,failure
800,77,2025-04-13,12:57:38,success
801,11,2025-10-28,16:54:51,success
802,41,2025-05-29,15:07:16,failure
803,19,2026-04-10,22:02:08,success
804,59,2026-01-11,11:27:08,success
805,56,2025-06-04,07:04:29,success
806,17,2026-12-27,18:27:39,failure
807,74,2025-12-15,20:20:47,failure
808,39,2025-01-25,02:37:34,success
809,15,2026-04-25,01:05:17,success
810,61,2026-07-18,13:04:23,failure
811,1,2026-06-27,13:42:12,success
812,99,2026-11-08,07:48:29,failure
813,88,2026-03-09,18:16:23,success
814,60,2025-01-07,04:37:11,failure
815,77,2025-06-01,06:45:28,success
816,2,2025-07-13,03:05:20,success
817,61,2025-09-14,11:35:21,failure
818,4,2026-08-06,06:48:52,failure
819,86,2025-07-01,21:44:40,success
820,6,2025-11-07,10:51:30,failure
821,93,2025-11-15,07:34:19,failure
822,32,2026-11-14,09:34:17,success
823,83,2025-05-06,00:26:38,success
824,48,2026-01-13,23:54:30,success
825,80,2026-11-20,05:20:49,success
826,77,2026-11-11,18:26:16,success
827,6,2026-05-12,14:18:55,success
828,18,2025-03-09,13:33:30,success
829,46,2025-11-21,23:08:21,failure
830,56,2026-01-10,13:07:05,success
831,24,2026-04-27,17:21:37,success
832,4,2025-06-24,09:31:08,success
833,75,2025-01-09,15:49:24,success
834,10,2026-08-10,20:19:20,failure
835,97,2025-08-29,12:22:13,failure
836,76,2025-04-07,07:10:14,success
837,49,2025-04-01,07:07:41,success
838,75,2026-12-08,13:55:38,success
839,36,2026-09-01,10:44:17,failure
840,90,2025-06-08,09:22:54,success
841,41,2026-07-20,13:29:51,success
842,75,2025-12-18,09:35:25,failure
843,19,2025-07-01,04:44:31,failure
844,43,2026-06-08,10:10:45,success
845,73,2025-12-31,14:05:39,failure
846,76,2026-01-20,22:45:50,failure
847,54,2026-05-20,00:00:21,failure
848,45,2026-07-10,15:45:59,success
849,74,2026-06-24,06:24:55,success
850,49,2025-09-27,17:44:55,success
851,41,2026-02-17,09:12:44,failure
852,59,2025-06-19,08:36:48,success
853,17,2025-05-15,10:46:47,failure
854,94,2025-11-08,17:42:05,failure
855,2,2026-04-22,14:03:44,failure
856,53,2025-01-01,17:41:53,success
857,78,2025-07-11,09:36:33,failure
858,56,2026-03-31,14:06:25,failure
859,37,2026-07-20,12:47:00,success
860,99,2026-10-03,22:48:24,failure
861,85,2026-07-13,22:24:50,failure
862,57,2025-05-04,02:18:53,success
863,45,2026-08-01,21:30:09,success
864,19,2025-06-01,06:52:29,failure
865,74,2026-03-04,01:20:33,failure
866,73,2025-09-20,08:49:23,failure
867,11,2025-03-20,13:15:52,success
868,18,2026-09-27,12:47:44,success
869,53,2026-10-08,09:29:24,success
870,89,2026-02-02,21:10:07,success
871,18,2026-01-22,07:47:03,failure
872,43,2026-05-01,22:44:27,failure
873,31,2026-07-21,19:53:20,failure
874,15,2025-06-05,17:11:35,success
875,57,2026-11-13,06:26:07,success
876,41,2025-09-02,02:37:14,failure
877,43,2026-08-28,21:05:06,success
878,31,2025-08-12,02:10:17,failure
879,97,2025-03-28,14:44:49,success
880,79,2025-06-24,20:24:19,failure
881,72,2026-12-12,15:57:40,failure
882,92,2026-03-21,17:37:39,success
883,10,2025-07-09,16:12:48,failure
884,35,2025-01-23,11:56:37,success
885,70,2025-05-12,03:18:38,failure
886,66,2025-04-02,09:14:15,failure
887,75,2026-05-27,21:48:37,failure
888,75,2025-08-06,00:44:07,success
889,86,2026-04-13,14:50:10,failure
890,46,2026-06-23,08:51:10,success
891,67,2026-11-08,10:03:54,success
892,71,2026-09-23,04:40:48,success
893,32,2026-01-23,10:31:26,success
894,55,2026-04-05,11:51:02,failure
895,16,2025-09-12,23:04:38,failure
896,36,2025-11-09,11:43:47,failure
897,1,2025-01-13,13:33:48,failure
898,68,2025-06-02,20:50:09,success
899,90,2026-06-22,05:05:00,success
900,53,2025-04-10,01:12:07,failure
901,97,2026-06-06,07:10:26,failure
902,44,2026-05-01,12:31:34,success
903,50,2025-01-29,08:43:23,success
904,69,2025-10-12,10:52:46,success
905,89,2026-01-26,21:31:28,failure
906,22,2026-01-11,03:36:58,failure
907,78,2025-02-02,03:28:16,success
908,75,2025-03-21,01:23:52,success
909,67,2026-05-16,06:16:30,failure
910,1,2025-12-14,14:21:29,success
911,39,2026-01-23,12:33:15,success
912,60,2025-02-12,17:55:34,success
913,78,2025-08-09,03:39:24,failure
914,65,2025-04-28,00:00:47,success
915,66,2025-11-28,10:18:52,success
916,46,2026-06-18,10:19:29,success
917,6,2026-03-22,12:03:11,failure
918,55,2025-03-07,01:37:40,failure
919,41,2025-03-25,06:25:56,success
920,24,2026-06-12,13:02:36,failure
921,38,2025-05-20,08:12:28,success
922,59,2026-06-27,03:13:01,failure
923,7,2026-06-07,15:54:03,failure
924,92,2025-04-18,23:33:04,failure
925,69,2026-09-10,09:10:26,success
926,15,2025-05-06,06:24:49,success
927,94,2025-05-21,02:45:54,success
928,43,2025-04-16,19:51:11,success
929,50,2025-10-16,05:18:37,success
930,69,2026-08-21,11:24:10,failure
931,1,2025-04-09,07:35:10,failure
932,72,2026-03-17,17:16:00,success
933,30,2025-06-29,00:04:17,success
934,73,2026-07-07,20:43:34,failure
935,95,2026-01-05,22:42:36,success
936,21,2026-05-18,12:37:55,success
937,61,2026-01-12,22:10:09,failure
938,51,2026-04-02,02:06:49,failure
939,41,2026-07-06,19:22:03,failure
940,55,2026-01-01,07:04:59,failure
941,52,2025-02-15,09:32:34,success
942,35,2026-09-18,15:36:45,success
943,80,2025-09-21,06:00:24,failure
944,33,2026-10-13,01:13:09,failure
945,90,2025-01-07,09:05:59,success
946,88,2026-07-10,14:17:02,success
947,10,2026-02-19,20:42:24,success
948,28,2025-09-17,08:45:14,success
949,18,2026-04-24,23:45:36,failure
950,86,2026-08-16,12:34:46,success
951,73,2025-01-01,04:13:45,failure
952,51,2025-09-18,05:17:34,success
953,94,2025-02-13,19:53:18,failure
954,32,2025-10-04,21:47:19,success
955,12,2026-08-11,07:40:53,success
956,55,2025-01-18,04:55:51,success
957,70,2026-04-08,18:03:36,failure
958,33,2025-02-15,20:56:45,success
959,32,2026-10-25,03:16:41,success
960,36,2025-09-24,10:53:42,success
961,94,2025-04-02,18:57:11,success
962,81,2025-01-30,07:48:57,success
963,16,2026-05-26,00:11:06,failure
964,34,2026-12-22,02:10:40,success
965,46,2026-03-06,12:38:54,failure
966,99,2025-07-12,04:27:49,failure
967,85,2026-05-01,08:46:45,failure
968,46,2026-03-06,20:53:20,failure
969,87,2025-04-26,08:08:14,success
970,79,2025-01-16,15:43:55,success
971,99,2025-03-21,18:41:35,success
972,25,2026-06-09,02:53:09,success
973,9,2025-03-04,10:44:14,failure
974,90,2026-02-10,14:09:38,failure
975,37,2026-07-31,22:11:49,failure
976,26,2026-07-23,21:05:10,success
977,58,2025-06-17,03:50:31,failure
978,7,2026-10-02,07:47:55,failure
979,62,2026-03-04,14:08:26,success
980,44,2025-04-14,17:58:35,success
981,16,2026-12-19,11:14:37,failure
982,77,2025-03-19,21:41:44,success
983,14,2026-10-24,10:04:45,failure
984,63,2025-02-22,10:21:19,failure
985,49,2025-05-29,12:49:01,failure
986,1,2025-03-10,12:56:45,success
987,8,2026-12-23,04:34:45,failure
988,14,2025-03-30,02:09:15,success
989,39,2026-03-18,01:17:25,success
990,77,2025-05-19,00:33:13,failure
991,19,2026-06-25,22:18:00,failure
992,65,2025-03-14,06:54:27,success
993,73,2025-04-28,02:04:02,failure
994,80,2025-11-04,09:05:46,failure
995,73,2025-03-20,19:34:40,failure
996,68,2025-12-30,19:43:31,failure
997,83,2025-12-18,01:33:20,success
998,91,2026-04-04,17:23:25,failure
999,34,2025-06-30,15:19:48,failure
1000,30,2025-10-01,11:29:04,failure
